일시,평균기온(℃),평균일강수량(mm),평균풍속(km/h),평균습도(%rh),일조합,일사합,체감온도(℃),일 미세먼지 농도(㎍/㎥)
2019-12-31,-3.8,0.1,12.96,46.0,8.8,11.31,-8.642577698105097,19.75862068965517
2019-12-30,5.0,0.9,7.5600000000000005,79.0,2.2,3.96,3.252318628097968,24.296296296296298
2019-12-29,2.6,6.2,4.32,73.0,0.2,3.33,1.6693740487407873,34.172413793103445
2019-12-28,0.5,0.0,3.9600000000000004,60.0,8.2,10.07,-0.49287885451618535,32.86206896551724
2019-12-27,0.6,0.0,8.64,53.0,8.2,10.36,-2.2258967269710404,22.655172413793103
2019-12-26,3.7,1.1,7.5600000000000005,68.0,0.3,2.47,1.7319257798266605,32.58620689655172
2019-12-25,3.5,0.0,3.9600000000000004,61.0,6.1,8.36,2.854124470607184,34.22222222222222
2019-12-24,2.1,0.0,4.32,71.0,7.5,9.44,1.1080762476906818,38.785714285714285
2019-12-23,3.8,0.7,6.12,73.0,4.3,6.04,2.302092697683709,37.03448275862069
2019-12-22,3.0,0.1,3.9600000000000004,70.0,3.5,6.44,2.2962905830866216,40.48275862068966
2019-12-21,0.2,0.1,4.680000000000001,66.0,1.7,5.14,-1.2087732788186434,29.482758620689655
2019-12-20,1.0,0.1,6.12,60.0,6.4,8.67,-0.9215864651757356,23.5
2019-12-19,2.2,0.0,8.64,51.0,7.7,10.03,-0.3357084530972485,20.103448275862068
2019-12-18,4.6,0.4,8.28,68.0,5.2,7.27,2.5910501360034166,26.25
2019-12-17,8.3,2.2,6.12,83.0,0.7,2.33,7.483005637993529,24.79310344827586
2019-12-16,7.1,0.0,3.9600000000000004,73.0,7.0,8.27,6.870528460755228,27.551724137931036
2019-12-15,4.7,0.0,4.32,69.0,7.1,8.94,4.026824813151228,27.428571428571427
2019-12-14,4.0,0.4,6.84,61.0,8.2,9.92,2.2976130337966896,29.655172413793103
2019-12-13,1.6,0.1,4.680000000000001,56.0,6.8,8.23,0.3719027684656029,22.464285714285715
2019-12-12,1.7,0.0,7.920000000000001,48.0,8.8,10.74,-0.717588675518315,16.464285714285715
2019-12-11,6.9,0.2,9.360000000000001,68.0,4.4,5.67,5.059579337313735,52.17857142857143
2019-12-10,6.5,0.4,4.32,79.0,4.9,7.18,6.047496896931605,64.74074074074075
2019-12-09,3.0,0.1,4.680000000000001,69.0,6.2,8.01,1.9525788157498472,42.629629629629626
2019-12-08,1.4,0.0,4.680000000000001,67.0,8.6,10.52,0.1460919045678536,33.44827586206897
2019-12-07,0.1,0.0,5.760000000000001,62.0,6.1,7.74,-1.8116227057848564,29.620689655172413
2019-12-06,-3.2,0.0,7.2,45.0,8.1,10.8,-6.202011684150399,20.48148148148148
2019-12-05,0.2,0.0,9.72,48.0,8.7,11.17,-3.0017382161253847,19.0
2019-12-04,4.2,0.1,5.4,61.0,7.7,10.22,3.0197273811130914,24.892857142857142
2019-12-03,2.4,0.5,6.12,67.0,5.1,7.24,0.6902531162539869,19.551724137931036
2019-12-02,3.6,0.2,11.520000000000001,57.0,7.1,9.92,0.6568912691819655,18.413793103448278
2019-12-01,6.3,12.5,4.32,83.0,0.0,1.88,5.822977776511565,26.75
2019-11-30,5.4,0.1,3.6,63.0,6.2,9.18,5.1479669729609245,27.11111111111111
2019-11-29,3.4,0.0,5.4,61.0,8.6,11.34,2.1070798521105543,22.115384615384617
2019-11-28,4.7,3.1,5.760000000000001,73.0,5.1,8.63,3.460895764790279,28.0
2019-11-27,6.2,1.0,7.5600000000000005,63.0,3.9,7.39,4.655758180348405,25.517241379310345
2019-11-26,7.7,0.5,4.680000000000001,73.0,6.1,9.88,7.259134117346957,21.0
2019-11-25,5.9,3.5,9.72,69.0,1.8,5.53,3.7927677007224814,20.041666666666668
2019-11-24,12.8,1.2,6.12,77.0,4.7,7.45,12.663918578303353,25.892857142857142
2019-11-23,10.8,0.0,4.32,75.0,8.2,10.15,10.874657985962509,24.96551724137931
2019-11-22,9.3,0.0,4.680000000000001,64.0,8.7,11.34,9.065621028528954,31.714285714285715
2019-11-21,5.0,0.0,4.32,54.0,6.8,9.84,4.363603493781291,28.857142857142858
2019-11-20,2.6,0.0,5.760000000000001,54.0,9.3,12.85,1.053876463005978,19.928571428571427
2019-11-19,3.7,0.1,10.08,57.0,6.9,10.32,1.0871714133341563,25.785714285714285
2019-11-18,8.7,11.6,12.96,64.0,3.5,7.17,6.593582437351456,62.392857142857146
2019-11-17,11.0,19.0,6.12,87.0,0.5,2.16,10.591553402179418,29.296296296296298
2019-11-16,10.3,0.2,4.32,80.0,6.8,9.6,10.313360184912405,32.827586206896555
2019-11-15,7.2,3.6,6.12,69.0,5.3,7.88,6.216560252584461,29.814814814814813
2019-11-14,3.7,0.0,10.08,43.0,8.9,13.68,1.0871714133341563,19.928571428571427
2019-11-13,8.9,2.8,6.84,74.0,1.0,3.49,7.985665365898909,27.285714285714285
2019-11-12,9.7,0.0,3.9600000000000004,74.0,6.9,9.93,9.771264675862149,28.51851851851852
2019-11-11,12.1,1.1,8.64,72.0,6.6,9.31,11.35983149149683,25.107142857142858
2019-11-10,9.4,8.5,5.760000000000001,71.0,2.6,6.06,8.84803420211705,30.821428571428573
2019-11-09,8.5,0.1,4.680000000000001,59.0,8.1,12.12,8.162377572937952,32.51724137931034
2019-11-08,7.8,0.0,5.760000000000001,57.0,9.0,13.06,7.014114734090917,32.57692307692308
2019-11-07,10.8,0.0,7.2,63.0,7.5,11.82,10.111788428100677,33.89655172413793
2019-11-06,11.3,0.0,4.32,71.0,8.3,12.43,11.435955787012613,33.93103448275862
2019-11-05,11.7,0.0,4.680000000000001,75.0,8.8,12.66,11.775351395301943,29.20689655172414
2019-11-04,12.5,0.2,4.32,75.0,7.4,12.44,12.783070509532866,22.115384615384617
2019-11-03,13.8,1.5,5.04,75.0,5.9,10.92,14.056306195568059,45.15384615384615
2019-11-02,13.5,0.0,3.24,77.0,5.5,9.54,14.247764852448132,57.10344827586207
2019-11-01,14.3,0.0,4.680000000000001,71.0,8.4,12.96,14.710892625972686,85.0
2019-10-31,13.3,0.0,6.12,72.0,9.0,13.48,13.239575571671107,62.111111111111114
2019-10-30,11.3,0.0,5.4,66.0,9.7,15.04,11.119474201010613,26.51851851851852
2019-10-29,13.2,0.7,6.84,66.0,8.2,12.28,12.97722149407024,68.0
2019-10-28,11.5,0.3,5.4,70.0,8.7,13.79,11.347636083261248,28.576923076923077
2019-10-27,10.7,0.0,5.760000000000001,65.0,9.3,14.74,10.338093769888282,20.0
2019-10-26,12.8,0.0,9.0,62.0,8.0,13.47,12.128544027429742,20.115384615384617
2019-10-25,16.9,0.3,6.12,71.0,6.7,12.05,17.38430592391896,21.615384615384617
2019-10-24,17.4,2.3,7.2,70.0,4.0,10.38,17.80257990959047,24.464285714285715
2019-10-23,16.0,0.1,5.4,75.0,0.7,6.89,16.48127843390052,24.192307692307693
2019-10-22,15.9,0.0,4.680000000000001,75.0,7.8,13.87,16.51737953715468,26.08695652173913
2019-10-21,15.3,0.0,4.680000000000001,76.0,9.6,15.53,15.839946945461433,30.68
2019-10-20,15.1,0.0,3.9600000000000004,80.0,9.1,14.94,15.795870661084212,28.727272727272727
2019-10-19,16.2,0.2,4.680000000000001,80.0,8.8,14.94,16.856095833001305,20.09090909090909
2019-10-18,15.3,3.8,6.12,81.0,2.0,7.44,15.542203545142138,17.782608695652176
2019-10-17,14.0,0.0,4.680000000000001,76.0,4.3,10.39,14.37217633012606,24.96153846153846
2019-10-16,13.3,0.0,4.32,76.0,9.3,15.69,13.681146991213033,23.083333333333332
2019-10-15,13.3,1.2,5.760000000000001,74.0,5.7,12.39,13.318212905430755,20.681818181818183
2019-10-14,14.7,3.4,6.12,73.0,8.4,14.27,14.851415153100831,26.03846153846154
2019-10-13,15.9,0.0,6.48,67.0,9.4,16.6,16.17080445713774,20.541666666666668
2019-10-12,18.0,0.0,10.8,62.0,9.4,16.38,18.11264531243249,25.77777777777778
2019-10-11,17.9,0.0,6.12,69.0,9.7,16.82,18.535619910654475,28.74074074074074
2019-10-10,14.9,0.0,3.6,72.0,5.1,12.11,15.675763124679921,21.96153846153846
2019-10-09,13.3,0.0,4.680000000000001,64.0,10.4,18.51,13.581838306483942,
2019-10-08,15.9,0.1,7.920000000000001,67.0,9.0,16.31,15.947918971747313,
2019-10-07,15.5,8.6,4.680000000000001,90.0,0.1,3.34,16.065757809359184,11.714285714285714
2019-10-06,17.3,0.0,7.2,70.0,6.6,14.41,17.686052765931528,14.863636363636363
2019-10-05,18.9,3.2,7.2,80.0,2.4,7.87,19.55048706447451,27.09090909090909
2019-10-04,21.2,0.3,4.680000000000001,83.0,7.4,15.66,22.501367430445036,30.583333333333332
2019-10-03,22.0,28.9,10.44,82.0,5.2,11.82,22.94047007279483,22.0
2019-10-02,21.1,106.3,8.64,94.0,0.0,2.13,21.99214053203691,18.95
2019-10-01,21.5,9.4,3.6,89.0,2.0,7.2,22.989810977453118,33.0
2019-09-30,21.6,0.1,3.6,81.0,8.5,17.26,23.10062988431332,36.888888888888886
2019-09-29,22.2,0.1,3.9600000000000004,80.0,9.1,17.7,23.717111863876184,30.24137931034483
2019-09-28,22.5,1.8,3.6,84.0,5.5,13.77,24.098000046055116,24.77777777777778
2019-09-27,21.4,1.5,4.680000000000001,79.0,4.7,13.3,22.727178294342785,24.583333333333332
2019-09-26,20.4,0.0,4.680000000000001,78.0,6.5,14.75,21.59812397485404,23.52173913043478
2019-09-25,18.4,0.0,3.9600000000000004,79.0,7.6,15.84,19.477574318719917,23.681818181818183
2019-09-24,17.8,0.0,4.32,77.0,10.6,20.22,18.732827200663976,20.40909090909091
2019-09-23,18.1,0.4,6.48,75.0,5.1,14.07,18.714403851497543,13.473684210526315
2019-09-22,17.5,65.1,14.76,86.0,0.0,2.25,17.17945757459038,14.444444444444445
2019-09-21,17.8,40.1,7.5600000000000005,86.0,0.0,3.27,18.222340518769307,13.80952380952381
2019-09-20,19.3,0.0,6.12,71.0,2.3,10.57,20.147459492084202,20.0
2019-09-19,19.2,0.0,5.4,68.0,10.1,20.4,20.13186854991067,23.36
2019-09-18,21.0,0.0,6.48,64.0,10.4,21.08,22.067330325880924,24.6
2019-09-17,21.3,0.0,5.760000000000001,68.0,10.7,21.25,22.48781024556143,19.52173913043478
2019-09-16,22.4,0.2,5.760000000000001,73.0,9.2,19.34,23.748629879829394,16.875
2019-09-15,23.4,0.4,5.4,79.0,7.2,16.92,24.923268077173994,15.666666666666666
2019-09-14,22.3,0.1,3.9600000000000004,81.0,5.2,12.35,23.8286786413803,15.217391304347826
2019-09-13,21.7,0.0,5.760000000000001,74.0,10.0,20.41,22.946290112567958,14.478260869565217
2019-09-12,20.8,5.6,7.5600000000000005,81.0,0.3,5.81,21.730939399395403,12.73913043478261
2019-09-11,23.9,7.4,6.84,85.0,2.9,10.89,25.398070464171003,19.391304347826086
2019-09-10,25.4,15.3,6.48,83.0,4.9,12.6,27.15452911460054,22.26923076923077
2019-09-09,24.7,8.0,5.04,87.0,2.2,10.24,26.428987233949318,24.0
2019-09-08,24.6,0.8,3.9600000000000004,85.0,2.0,10.83,26.394714523974887,23.458333333333332
2019-09-07,25.8,12.3,17.28,81.0,1.8,7.32,27.355720881136406,19.05
2019-09-06,25.4,2.9,6.12,86.0,1.4,9.19,27.170474811170845,17.153846153846153
2019-09-05,24.2,22.0,3.9600000000000004,91.0,2.8,9.45,25.948447413958434,16.0
2019-09-04,23.4,11.9,4.680000000000001,93.0,0.5,6.86,24.985286933320282,11.958333333333334
2019-09-03,22.1,13.1,4.32,91.0,0.5,6.9,23.55998828969488,16.32
2019-09-02,21.6,11.4,3.9600000000000004,85.0,2.9,10.71,23.047711198851516,19.84
2019-09-01,22.1,0.8,3.6,81.0,4.0,12.69,23.65472441861432,20.12
2019-08-31,22.6,0.0,5.04,74.0,10.4,20.81,24.045259694444674,16.6
2019-08-30,22.9,0.2,6.84,72.0,9.8,21.39,24.237243457619535,19.333333333333332
2019-08-29,22.4,4.2,5.04,86.0,1.9,8.29,23.818238024015656,23.846153846153847
2019-08-28,23.8,0.9,3.9600000000000004,85.0,3.8,13.05,25.50218030394199,19.08
2019-08-27,22.7,16.7,4.32,89.0,2.2,9.16,24.233545650955,18.76923076923077
2019-08-26,24.3,0.1,5.04,75.0,8.9,20.64,25.974943893091293,21.137931034482758
2019-08-25,23.2,1.2,4.32,78.0,7.3,18.63,24.79484345200511,19.458333333333332
2019-08-24,22.8,0.0,4.32,77.0,3.3,11.78,24.345805211165022,23.896551724137932
2019-08-23,24.7,0.0,5.4,73.0,7.6,17.94,26.406320311803118,28.321428571428573
2019-08-22,25.8,25.2,5.760000000000001,82.0,5.7,15.59,27.64570874938493,26.03846153846154
2019-08-21,25.8,8.6,4.32,82.0,3.9,14.5,27.71359201746565,27.25925925925926
2019-08-20,26.0,0.2,6.12,73.0,8.0,19.12,27.861263203212157,28.357142857142858
2019-08-19,25.1,0.4,4.680000000000001,75.0,8.9,20.39,26.904679276451155,25.576923076923077
2019-08-18,25.3,0.0,5.04,72.0,10.6,23.32,27.11005224523636,25.333333333333332
2019-08-17,26.2,2.1,7.5600000000000005,75.0,9.0,18.63,28.04641738452238,28.0
2019-08-16,26.4,1.9,8.28,79.0,7.4,17.04,28.262036501055874,18.5
2019-08-15,26.1,15.8,8.28,86.0,1.1,7.61,27.908766046490932,12.45
2019-08-14,28.6,1.2,7.5600000000000005,76.0,7.5,18.45,30.85329648902325,19.25
2019-08-13,28.5,1.2,5.760000000000001,77.0,9.3,20.89,30.74044785167903,21.04
2019-08-12,27.7,15.5,8.28,83.0,4.2,12.96,29.792875137503955,20.5
2019-08-11,28.3,8.0,12.24,71.0,6.3,18.69,30.485925923563048,19.076923076923077
2019-08-10,28.6,0.0,7.5600000000000005,73.0,9.9,22.33,30.85329648902325,23.192307692307693
2019-08-09,28.3,0.1,4.32,77.0,9.5,21.1,30.520081022716177,20.91304347826087
2019-08-08,27.6,5.7,4.680000000000001,81.0,7.4,18.01,29.72731507517302,27.625
2019-08-07,27.2,14.7,6.48,82.0,6.4,17.23,29.235655891804015,27.08
2019-08-06,27.6,10.9,6.84,75.0,6.2,17.27,29.69313038841146,28.875
2019-08-05,28.8,0.7,4.32,75.0,10.3,21.78,31.08137882376628,33.333333333333336
2019-08-04,28.4,0.6,4.32,76.0,10.0,22.0,30.632340582926197,28.03846153846154
2019-08-03,28.3,0.5,4.680000000000001,77.0,9.5,21.74,30.51765309881514,21.625
2019-08-02,28.8,0.1,4.680000000000001,75.0,11.2,23.79,31.08218025855951,16.875
2019-08-01,28.4,3.4,5.760000000000001,78.0,9.3,21.08,30.6258278849274,14.045454545454545
2019-07-31,28.4,6.0,8.28,78.0,7.0,15.71,30.61717286482216,13.666666666666666
2019-07-30,28.4,0.7,9.0,77.0,7.4,17.0,30.615112269905453,16.083333333333332
2019-07-29,27.8,0.1,7.5600000000000005,78.0,7.6,18.05,29.917670120856293,15.75
2019-07-28,26.9,10.9,7.2,86.0,2.3,9.08,28.87265855718941,15.55
2019-07-27,27.1,12.1,5.04,88.0,4.2,14.26,29.153247279097492,21.35
2019-07-26,26.5,19.0,6.48,89.0,1.4,7.12,28.426328811780444,18.842105263157894
2019-07-25,26.6,16.3,5.760000000000001,90.0,1.7,7.81,28.562668483398003,19.73076923076923
2019-07-24,26.8,0.5,6.12,83.0,1.6,9.19,28.78231439260057,18.571428571428573
2019-07-23,27.9,0.0,6.48,78.0,7.7,20.71,30.044982971827594,20.84
2019-07-22,27.0,0.3,6.48,80.0,7.2,18.2,29.004419583225854,27.535714285714285
2019-07-21,24.8,20.0,8.28,90.0,1.8,8.22,26.37792741004285,17.863636363636363
2019-07-20,24.8,56.5,12.96,88.0,0.3,6.88,26.217756691819496,11.944444444444445
2019-07-19,25.2,13.9,6.48,84.0,4.0,12.68,26.923292806022374,20.12
2019-07-18,24.3,8.1,5.04,83.0,4.6,15.3,25.974943893091293,27.88888888888889
2019-07-17,24.4,3.7,5.04,79.0,5.2,17.22,26.0884547283058,26.035714285714285
2019-07-16,23.8,4.5,5.04,81.0,6.8,19.29,25.40738971701876,22.52
2019-07-15,23.2,8.8,4.680000000000001,84.0,3.2,13.2,24.759476069422533,26.96
2019-07-14,23.9,2.1,5.4,79.0,7.8,21.35,25.49367278280058,27.392857142857142
2019-07-13,23.3,1.6,4.32,80.0,4.6,16.19,24.90710301221513,23.692307692307693
2019-07-12,23.2,0.4,6.12,77.0,7.3,19.66,24.637584040352714,14.92
2019-07-11,22.2,8.5,7.920000000000001,85.0,1.3,9.6,23.34177095609755,10.235294117647058
2019-07-10,20.9,20.7,8.64,83.0,0.5,7.07,21.755866997802684,12.45
2019-07-09,22.6,0.2,7.5600000000000005,69.0,6.1,17.93,23.836098727771063,14.652173913043478
2019-07-08,22.6,0.5,7.5600000000000005,68.0,5.1,18.86,23.836098727771063,15.4
2019-07-07,23.5,0.2,9.360000000000001,65.0,7.3,21.12,24.790072293740806,19.692307692307693
2019-07-06,25.1,0.0,7.920000000000001,63.0,12.0,27.66,26.745290123496876,28.25
2019-07-05,25.1,0.0,5.04,67.0,11.1,25.57,26.88303057480735,29.59259259259259
2019-07-04,24.4,0.0,5.04,69.0,11.7,26.84,26.0884547283058,27.11111111111111
2019-07-03,23.1,0.0,4.32,75.0,6.1,17.75,24.68258389179509,25.48148148148148
2019-07-02,23.4,0.0,6.12,72.0,11.1,24.98,24.867846837699812,23.75
2019-07-01,23.2,0.4,5.04,79.0,4.2,14.54,24.726324705731717,26.8
2019-06-30,23.8,0.0,6.12,81.0,4.7,16.04,25.328372432394023,22.185185185185187
2019-06-29,21.6,31.7,4.680000000000001,91.0,0.9,7.5,22.95298915824054,20.083333333333332
2019-06-28,23.6,0.8,5.760000000000001,81.0,4.7,16.43,25.124069480849,23.44
2019-06-27,23.8,12.0,5.04,85.0,3.9,15.18,25.40738971701876,19.347826086956523
2019-06-26,21.1,33.1,5.04,84.0,1.3,8.61,22.34259716622707,24.291666666666668
2019-06-25,23.6,0.0,5.4,67.0,12.5,27.2,25.151429959424632,23.22222222222222
2019-06-24,22.5,0.1,5.760000000000001,68.0,11.9,27.46,23.863249846581027,18.26086956521739
2019-06-23,21.6,0.3,6.12,67.0,10.4,25.63,22.79548166157589,16.904761904761905
2019-06-22,21.7,1.0,6.84,69.0,9.9,24.48,22.844251049757762,18.44
2019-06-21,22.8,1.9,7.2,72.0,8.2,21.64,24.095045667173025,25.23076923076923
2019-06-20,23.4,0.0,6.12,71.0,9.5,23.99,24.867846837699812,26.615384615384617
2019-06-19,22.2,0.8,5.4,76.0,6.9,17.64,23.554296783670186,27.22222222222222
2019-06-18,21.3,2.1,5.760000000000001,76.0,3.1,13.28,22.48781024556143,24.62962962962963
2019-06-17,21.3,0.0,6.12,70.0,10.5,25.26,22.450087465555235,21.185185185185187
2019-06-16,20.2,0.1,6.12,72.0,9.1,23.25,21.183642080146164,20.523809523809526
2019-06-15,20.4,3.8,8.28,73.0,9.9,24.36,21.196627409757035,24.2
2019-06-14,20.2,2.3,3.9600000000000004,76.0,2.3,13.24,21.48577631379394,25.346153846153847
2019-06-13,21.2,0.0,5.04,68.0,11.4,27.34,22.456108001441574,23.04
2019-06-12,19.7,0.0,5.4,72.0,11.2,26.45,20.702273255537257,22.166666666666668
2019-06-11,18.8,0.3,6.12,70.0,7.3,20.42,19.571802498716444,15.1
2019-06-10,18.3,4.0,6.48,75.0,4.0,14.68,18.945640160075712,14.947368421052632
2019-06-09,19.7,1.5,6.48,75.0,6.0,20.35,20.564294320122855,22.26923076923077
2019-06-08,20.1,0.1,5.4,76.0,8.8,22.33,21.158597020038528,21.833333333333332
2019-06-07,18.6,24.2,8.28,89.0,1.0,7.43,19.077004682367388,15.631578947368421
2019-06-06,21.1,20.7,6.12,79.0,2.4,10.86,22.21982466820813,39.88461538461539
2019-06-05,22.9,0.0,5.760000000000001,67.0,11.4,26.28,24.321729713587562,33.0
2019-06-04,23.1,0.0,6.12,60.0,12.1,27.05,24.52245264167916,35.77777777777778
2019-06-03,22.0,0.0,5.04,56.0,12.3,27.19,23.36419468315763,34.888888888888886
2019-06-02,20.6,0.0,5.4,57.0,12.5,27.48,21.729001725665114,28.5
2019-06-01,18.9,0.0,5.4,63.0,9.6,22.79,19.789625726534716,26.321428571428573
2019-05-31,18.6,0.8,8.28,62.0,10.0,25.62,19.077004682367388,20.333333333333332
2019-05-30,20.5,0.1,7.5600000000000005,48.0,7.4,20.43,21.380079511332795,33.758620689655174
2019-05-29,19.7,0.0,7.920000000000001,51.0,13.2,29.34,20.40770270833952,33.964285714285715
2019-05-28,17.8,0.0,9.0,54.0,10.5,24.67,18.053726156428365,18.96
2019-05-27,18.6,22.9,11.16,85.0,0.3,3.31,18.802923885983233,19.181818181818183
2019-05-26,23.2,0.1,7.5600000000000005,52.0,9.8,25.68,24.537818503896283,33.75
2019-05-25,23.3,0.0,6.48,52.0,8.4,21.19,24.726547874529814,48.62068965517241
2019-05-24,22.9,0.0,6.48,56.0,12.6,27.02,24.264075257373484,61.172413793103445
2019-05-23,20.9,0.0,6.84,54.0,12.8,28.59,21.915589444516584,51.464285714285715
2019-05-22,19.2,0.0,7.920000000000001,50.0,12.7,29.15,19.820889058787913,43.86206896551724
2019-05-21,17.0,0.0,9.360000000000001,51.0,13.0,29.55,17.064276858995264,36.964285714285715
2019-05-20,17.0,1.7,11.16,63.0,7.2,21.06,16.87529226556515,28.76
2019-05-19,19.5,7.2,7.2,86.0,1.3,9.01,20.249649926428127,15.08
2019-05-18,18.8,21.3,9.72,79.0,1.5,11.7,19.169807407272913,20.26923076923077
2019-05-17,21.3,1.7,5.760000000000001,61.0,6.0,16.81,22.48781024556143,35.785714285714285
2019-05-16,21.4,0.0,5.04,60.0,10.8,25.29,22.68312967187059,42.51851851851852
2019-05-15,20.3,0.0,5.04,64.0,9.8,23.12,21.434510484511016,41.18518518518518
2019-05-14,19.8,0.0,5.4,65.0,11.0,25.3,20.816354196662576,38.111111111111114
2019-05-13,17.9,0.0,5.760000000000001,61.0,6.2,17.43,18.59073137600589,38.392857142857146
2019-05-12,18.4,0.0,6.12,54.0,10.4,23.02,19.111276904022233,36.10344827586207
2019-05-11,18.5,0.0,5.04,51.0,11.9,26.11,19.391315450649888,39.607142857142854
2019-05-10,17.6,0.0,5.4,46.0,11.8,26.6,18.306573491905596,38.464285714285715
2019-05-09,17.1,0.0,7.5600000000000005,41.0,11.2,25.77,17.40366744662322,37.25
2019-05-08,15.7,0.0,7.920000000000001,42.0,10.0,23.81,15.713193511926669,37.607142857142854
2019-05-07,13.9,0.0,7.2,47.0,12.7,28.81,13.724129881527702,35.55555555555556
2019-05-06,14.0,0.1,10.08,48.0,10.6,27.36,13.399255873673143,35.535714285714285
2019-05-05,18.9,0.0,6.48,47.0,10.7,25.5,19.639349085810196,48.92857142857143
2019-05-04,17.6,0.0,5.04,56.0,10.7,23.75,18.369717933719322,55.07142857142857
2019-05-03,16.7,0.0,5.760000000000001,51.0,12.3,27.03,17.21529177498629,44.827586206896555
2019-05-02,16.0,0.0,7.5600000000000005,52.0,12.3,26.52,16.11718119039365,56.62068965517241
2019-05-01,15.4,0.0,7.2,67.0,9.4,22.16,15.472037036411741,48.925925925925924
2019-04-30,14.6,0.1,5.04,79.0,7.2,19.23,14.964392877284112,22.392857142857142
2019-04-29,11.3,19.1,4.680000000000001,84.0,1.1,6.3,11.323729667506445,17.96
2019-04-28,12.1,0.2,5.04,67.0,3.1,13.39,12.126621996921436,18.423076923076923
2019-04-27,11.4,0.1,5.760000000000001,65.0,10.1,24.99,11.140433537149722,15.25
2019-04-26,9.4,6.3,7.5600000000000005,86.0,0.2,4.17,8.398263653016242,14.142857142857142
2019-04-25,13.5,4.5,7.5600000000000005,83.0,0.4,4.83,13.193348789871905,39.370370370370374
2019-04-24,17.3,6.9,5.04,87.0,3.2,13.53,18.0291854280758,26.296296296296298
2019-04-23,16.8,5.6,5.760000000000001,74.0,2.4,10.68,17.329911741737924,40.035714285714285
2019-04-22,17.6,0.0,6.12,66.0,10.4,23.33,18.190225714633822,48.724137931034484
2019-04-21,16.5,0.1,5.4,71.0,4.4,13.75,17.051683139527107,31.17241379310345
2019-04-20,14.7,0.1,6.12,66.0,9.5,21.86,14.851415153100831,33.241379310344826
2019-04-19,12.8,0.0,7.5600000000000005,70.0,3.1,11.37,12.374675717725818,32.32142857142857
2019-04-18,15.3,0.0,8.28,63.0,7.1,16.12,15.191029682153019,28.0
2019-04-17,15.5,0.5,6.12,48.0,10.0,23.26,15.772466342489242,34.15384615384615
2019-04-16,14.2,0.0,5.4,38.0,10.0,22.53,14.427821493644812,37.714285714285715
2019-04-15,11.1,0.0,6.84,46.0,12.0,24.97,10.53948478031215,46.32142857142857
2019-04-14,10.2,0.8,7.920000000000001,59.0,3.6,9.57,9.258243366858997,29.896551724137932
2019-04-13,11.6,0.0,5.760000000000001,48.0,9.7,22.44,11.369673470652986,32.48275862068966
2019-04-12,10.7,0.1,6.12,58.0,11.0,23.69,10.246159206158763,30.785714285714285
2019-04-11,8.8,0.0,5.04,71.0,5.5,16.12,8.380764434842707,19.88888888888889
2019-04-10,7.2,8.5,8.64,83.0,0.3,6.33,5.571129902758348,11.555555555555555
2019-04-09,9.3,23.2,11.520000000000001,60.0,3.3,9.11,7.541010351422559,22.333333333333332
2019-04-08,11.8,0.0,8.28,45.0,10.9,23.07,11.06954104556203,34.0
2019-04-07,12.5,2.8,5.760000000000001,60.0,5.2,15.1,12.40125317141769,43.42307692307692
2019-04-06,11.6,0.6,5.760000000000001,44.0,7.1,14.95,11.369673470652986,57.214285714285715
2019-04-05,11.7,0.0,10.44,46.0,9.0,18.62,10.595106360588726,74.28571428571429
2019-04-04,9.9,0.0,10.08,40.0,11.5,23.92,8.49832904965471,32.827586206896555
2019-04-03,7.4,0.0,8.28,42.0,11.7,24.07,5.888241045276211,28.517241379310345
2019-04-02,6.7,0.0,7.920000000000001,44.0,11.1,23.5,5.150547819997753,24.379310344827587
2019-04-01,5.7,0.0,9.72,45.0,10.7,21.61,3.554363984341853,22.517241379310345
2019-03-31,5.4,0.2,13.68,48.0,7.9,16.14,2.4504267928620043,30.428571428571427
2019-03-30,7.2,3.0,11.879999999999999,67.0,6.0,12.36,4.942616461325588,27.06896551724138
2019-03-29,10.6,0.0,6.48,54.0,8.2,19.45,10.043042279816387,32.89655172413793
2019-03-28,10.6,0.6,7.2,63.0,6.4,16.28,9.878734140782802,44.892857142857146
2019-03-27,12.8,0.1,11.879999999999999,57.0,7.8,16.27,11.722164846480688,53.13793103448276
2019-03-26,10.5,0.0,7.2,55.0,10.1,21.05,9.762206997123867,44.37931034482759
2019-03-25,7.2,0.0,7.2,58.0,6.7,15.36,5.9168112563789705,37.44827586206897
2019-03-24,4.7,0.0,8.64,51.0,11.4,23.25,2.6177107248305487,23.24137931034483
2019-03-23,4.2,1.4,9.72,54.0,8.4,16.17,1.7663361114871519,22.321428571428573
2019-03-22,5.2,0.0,10.44,52.0,9.1,20.8,2.80434285288585,35.10344827586207
2019-03-21,9.8,2.1,12.96,74.0,4.3,10.17,7.934364529271633,25.214285714285715
2019-03-20,11.4,16.1,6.84,74.0,1.0,5.91,10.887732882277593,55.03846153846154
2019-03-19,10.7,0.0,5.760000000000001,54.0,10.0,17.68,10.338093769888282,40.714285714285715
2019-03-18,7.5,0.0,5.4,51.0,7.6,16.17,6.78439843824856,28.666666666666668
2019-03-17,6.6,0.0,7.2,57.0,10.4,20.16,5.2176483944253516,28.107142857142858
2019-03-16,5.8,0.2,8.28,65.0,8.3,16.7,4.004131954263184,27.77777777777778
2019-03-15,5.8,3.3,9.0,69.0,5.3,12.14,3.833289046831662,31.814814814814813
2019-03-14,5.2,0.0,6.84,47.0,9.2,18.07,3.6906054416584584,31.571428571428573
2019-03-13,3.9,0.0,12.6,40.0,10.4,18.43,0.8094597544271043,31.482758620689655
2019-03-12,5.8,0.9,11.16,65.0,5.5,10.89,3.3818709226386456,50.93103448275862
2019-03-11,6.4,1.1,6.84,74.0,4.9,10.84,5.083597849520226,37.793103448275865
2019-03-10,7.8,7.9,7.2,67.0,0.4,6.21,6.615974118332589,30.310344827586206
2019-03-09,7.9,0.3,5.4,49.0,8.4,15.65,7.240722202749828,33.22222222222222
2019-03-08,6.1,0.0,5.4,58.0,10.7,19.62,5.187265262494117,36.107142857142854
2019-03-07,6.5,0.5,8.28,65.0,7.5,14.23,4.828429681581383,49.89655172413793
2019-03-06,8.8,1.0,5.760000000000001,63.0,4.2,11.12,8.160314401607248,94.33333333333333
2019-03-05,8.2,0.0,4.680000000000001,62.0,4.2,10.92,7.823661277091332,123.44
2019-03-04,8.8,0.0,6.12,58.0,8.5,15.38,8.058662631361285,88.88
2019-03-03,8.7,0.0,4.680000000000001,55.0,5.4,12.22,8.388188436835705,69.96153846153847
2019-03-02,6.9,0.0,5.04,57.0,6.7,13.84,6.2240585657670735,77.62962962962963
2019-03-01,6.0,0.0,5.760000000000001,58.0,9.4,16.44,4.950955332561515,91.60714285714286
2019-02-28,6.8,0.1,5.760000000000001,63.0,7.7,13.64,5.867915066574581,76.0
2019-02-27,7.1,0.4,4.32,65.0,3.4,9.23,6.721054258191732,43.206896551724135
2019-02-26,5.4,0.0,5.4,53.0,9.6,16.96,4.388698674616897,43.392857142857146
2019-02-25,6.0,0.0,6.48,59.0,8.5,14.66,4.724607182518611,50.93103448275862
2019-02-24,6.1,0.0,5.760000000000001,61.0,10.2,17.01,5.0655752993131475,44.206896551724135
2019-02-23,5.0,0.0,5.4,63.0,8.2,14.81,3.9323749101156285,47.964285714285715
2019-02-22,3.9,0.0,4.680000000000001,65.0,6.5,13.04,2.9687277032897192,52.275862068965516
2019-02-21,2.7,0.0,4.680000000000001,68.0,9.1,15.27,1.6138625199032244,55.82142857142857
2019-02-20,2.8,0.0,8.28,68.0,6.1,10.96,0.47142740861376353,41.86206896551724
2019-02-19,2.9,16.3,5.760000000000001,89.0,0.4,3.08,1.3977363632608788,23.615384615384617
2019-02-18,2.2,0.1,4.32,48.0,4.1,9.82,1.2203358079007036,28.586206896551722
2019-02-17,-0.2,0.0,8.28,49.0,10.1,16.86,-3.061277137035657,31.5
2019-02-16,-0.3,0.1,10.44,56.0,7.7,12.79,-3.7878416536319732,43.275862068965516
2019-02-15,2.0,0.4,6.84,63.0,2.1,6.83,-0.024040979306257038,33.44827586206897
2019-02-14,0.6,0.1,5.4,50.0,6.3,12.62,-1.0871864993983293,32.370370370370374
2019-02-13,0.3,0.0,8.28,41.0,9.4,14.31,-2.4724930460940864,43.689655172413794
2019-02-12,0.1,0.0,5.760000000000001,50.0,8.1,13.15,-1.8116227057848564,46.0
2019-02-11,-0.8,0.0,9.72,41.0,9.2,14.66,-4.193756798028518,27.413793103448278
2019-02-10,-1.4,0.0,6.48,42.0,3.4,9.02,-3.8311362348734654,28.586206896551722
2019-02-09,-1.7,0.0,10.8,38.0,8.6,13.82,-5.5611938872661275,26.379310344827587
2019-02-08,-2.0,0.0,7.5600000000000005,39.0,7.8,12.88,-4.934412093362921,22.586206896551722
2019-02-07,2.1,0.5,10.8,53.0,5.8,10.93,-0.994666528948629,42.82142857142857
2019-02-06,5.6,0.0,4.680000000000001,60.0,5.7,10.13,4.888120046420591,69.27586206896552
2019-02-05,2.9,0.0,4.680000000000001,49.0,8.4,13.01,1.8396733838009736,83.58620689655173
2019-02-04,2.5,0.0,9.0,42.0,8.9,13.76,-0.07733115830742898,67.65517241379311
2019-02-03,5.6,12.8,7.5600000000000005,89.0,0.2,1.39,3.9540384042231884,34.148148148148145
2019-02-02,2.1,0.0,5.760000000000001,63.0,5.5,9.58,0.4807766292478104,46.37931034482759
2019-02-01,-1.3,0.0,9.0,56.0,8.2,11.96,-4.580469576346385,30.821428571428573
2019-01-31,0.3,4.9,8.28,63.0,2.0,4.13,-2.4724930460940864,45.666666666666664
2019-01-30,3.5,0.0,5.4,48.0,6.7,10.7,2.22116079323587,46.96551724137931
2019-01-29,0.0,0.0,4.680000000000001,48.0,9.3,13.14,-1.4345841427163926,56.172413793103445
2019-01-28,2.6,0.2,10.8,48.0,8.1,11.66,-0.3938076660121155,57.724137931034484
2019-01-27,-0.2,0.0,6.48,51.0,8.6,12.72,-2.4437183834044793,27.17241379310345
2019-01-26,-1.8,0.0,9.72,40.0,9.2,13.15,-5.385775379931653,33.0
2019-01-25,-0.4,0.0,9.0,44.0,6.7,10.49,-3.5139367931266325,32.892857142857146
2019-01-24,0.7,0.0,5.4,43.0,9.2,12.61,-0.9731055582730113,29.137931034482758
2019-01-23,3.1,0.0,8.28,54.0,8.6,11.06,0.8246978631787063,58.82142857142857
2019-01-22,2.6,0.0,7.2,59.0,8.6,11.33,0.5565626480679027,52.06896551724138
2019-01-21,0.5,0.0,9.72,53.0,6.7,9.23,-2.644132641554444,29.275862068965516
2019-01-20,1.6,0.1,11.520000000000001,49.0,8.8,11.79,-1.7585891105515736,39.62068965517241
2019-01-19,2.9,0.2,3.6,62.0,4.5,7.94,2.3774943014559264,57.10344827586207
2019-01-18,0.8,0.0,5.4,56.0,8.6,11.2,-0.859024617147695,44.107142857142854
2019-01-17,0.4,0.0,8.64,55.0,7.3,9.82,-2.462170261205264,32.310344827586206
2019-01-16,-3.2,0.0,9.0,48.0,8.5,11.38,-6.832038785365862,34.275862068965516
2019-01-15,0.9,0.1,9.72,61.0,5.3,7.28,-2.1673252087931907,87.75862068965517
2019-01-14,1.0,0.0,3.9600000000000004,71.0,5.7,8.63,0.064955033004375,99.13793103448276
2019-01-13,1.3,0.0,4.680000000000001,73.0,8.1,10.24,0.033186472618978224,70.41379310344827
2019-01-12,3.0,2.4,4.680000000000001,77.0,3.0,6.33,1.9525788157498472,55.57142857142857
2019-01-11,2.1,0.0,4.680000000000001,63.0,6.9,9.21,0.9364299282099751,54.172413793103445
2019-01-10,0.5,0.0,7.2,51.0,4.4,7.16,-1.8905073687697578,32.03448275862069
2019-01-09,-2.9,0.0,5.760000000000001,40.0,6.7,9.07,-5.250221708333861,32.925925925925924
2019-01-08,-0.7,0.0,10.08,46.0,7.9,10.26,-4.172359812441722,36.758620689655174
2019-01-07,-0.5,0.0,6.48,53.0,7.9,9.68,-2.7905728462717265,38.48275862068966
2019-01-06,-1.3,0.0,5.760000000000001,46.0,7.7,10.28,-3.4163022403077252,30.413793103448278
2019-01-05,0.2,0.0,7.5600000000000005,49.0,7.7,10.07,-2.3614395809037845,47.3448275862069
2019-01-04,-0.7,0.0,5.04,53.0,4.5,6.66,-2.4027649105354576,38.535714285714285
2019-01-03,-2.1,0.0,5.760000000000001,48.0,8.9,11.17,-4.333261974320791,24.928571428571427
2019-01-02,-2.5,0.0,7.5600000000000005,53.0,8.2,10.54,-5.51917857346727,24.074074074074073
2019-01-01,-2.1,0.1,9.0,58.0,5.4,7.35,-5.528498716986165,26.214285714285715
2018-12-31,-3.2,0.0,5.4,47.0,8.3,10.56,-5.422262262160382,28.77777777777778
2018-12-30,-4.7,0.0,6.48,48.0,8.6,11.03,-7.646535326413173,22.571428571428573
2018-12-29,-5.1,0.0,10.8,43.0,8.6,10.95,-9.647034155234415,26.17241379310345
2018-12-28,-7.0,0.1,10.44,47.0,7.8,9.92,-11.818320961571864,24.714285714285715
2018-12-27,-4.8,0.0,14.04,31.0,8.6,10.77,-10.119232055711167,19.517241379310345
2018-12-26,2.5,0.0,7.920000000000001,45.0,6.4,9.02,0.2213131637642567,34.3448275862069
2018-12-25,0.4,0.0,4.680000000000001,58.0,2.8,5.92,-0.9829624149208942,25.93103448275862
2018-12-24,-0.3,0.0,7.2,48.0,8.6,10.98,-2.822724518041249,19.724137931034484
2018-12-23,5.5,0.9,9.72,52.0,7.5,9.66,3.3159602679612243,38.06896551724138
2018-12-22,6.7,0.0,3.9600000000000004,70.0,7.1,8.66,6.42426135073878,53.241379310344826
2018-12-21,5.1,0.0,3.6,69.0,5.0,6.68,4.8155102523803235,55.464285714285715
2018-12-20,4.2,0.0,3.24,67.0,3.8,6.54,4.017268364045599,53.758620689655174
2018-12-19,5.1,0.0,5.4,66.0,6.9,8.66,4.046455851240944,53.75
2018-12-18,2.5,0.0,6.12,64.0,7.2,8.8,0.8053845149275392,33.32142857142857
2018-12-17,3.2,0.1,7.920000000000001,61.0,7.3,9.11,1.0428522731365046,49.13793103448276
2018-12-16,0.6,0.6,3.9600000000000004,73.0,1.2,4.08,-0.381312077012074,31.14814814814815
2018-12-15,-1.9,0.0,3.9600000000000004,55.0,8.3,10.41,-3.170481514614881,30.925925925925927
2018-12-14,-2.4,0.0,7.2,56.0,8.7,10.95,-5.269794534878909,23.814814814814813
2018-12-13,-0.3,0.3,7.920000000000001,62.0,5.4,6.94,-3.0648432737247413,29.285714285714285
2018-12-12,-0.5,0.0,7.920000000000001,60.0,8.2,10.38,-3.299568733545384,29.51851851851852
2018-12-11,0.3,1.8,4.680000000000001,78.0,0.1,2.57,-1.0958678468697678,26.73076923076923
2018-12-10,-1.9,0.0,5.04,47.0,7.9,10.31,-3.7648949331095407,23.653846153846153
2018-12-09,-4.4,0.0,7.2,42.0,8.3,11.25,-7.600337408057635,18.413793103448278
2018-12-08,-5.0,0.1,9.0,47.0,8.0,10.27,-8.965104351805369,18.25
2018-12-07,-3.0,0.0,13.68,43.0,5.5,8.97,-7.831871479271599,19.814814814814813
2018-12-06,4.0,2.5,7.5600000000000005,72.0,2.4,5.43,2.0827856678892704,26.44
2018-12-05,3.9,0.0,6.84,54.0,5.8,8.59,2.1815303331415414,25.51851851851852
2018-12-04,10.2,12.2,8.28,78.0,1.1,3.76,9.185431954549003,32.42307692307692
2018-12-03,12.1,8.6,3.9600000000000004,92.0,0.6,2.6,12.448867335960841,33.758620689655174
2018-12-02,8.5,0.2,4.680000000000001,71.0,5.6,7.81,8.162377572937952,47.37931034482759
2018-12-01,5.4,0.0,4.32,62.0,5.2,8.1,4.812641734621375,49.55172413793103
2018-11-30,5.1,0.0,4.32,59.0,8.5,10.82,4.4758630539913105,69.62068965517241
2018-11-29,5.0,0.0,3.6,54.0,4.5,6.46,4.704691345520125,86.03448275862068
2018-11-28,5.9,0.0,5.4,54.0,6.0,8.88,4.959103380243485,101.75862068965517
2018-11-27,7.8,0.0,4.680000000000001,75.0,6.1,8.34,7.372039549295833,68.03448275862068
2018-11-26,5.9,0.0,3.6,77.0,8.0,10.41,5.702061507261926,38.06896551724138
2018-11-25,5.7,0.0,4.32,82.0,5.8,8.41,5.149420415251438,33.44827586206897
2018-11-24,3.7,4.3,5.04,78.0,2.0,3.99,2.5917118389028504,28.384615384615383
2018-11-23,2.3,0.0,5.04,50.0,8.5,11.58,1.0025601458997535,21.857142857142858
2018-11-22,4.1,0.0,8.64,50.0,8.9,12.18,1.9088901221278776,19.964285714285715
2018-11-21,6.2,0.7,5.04,64.0,0.8,4.12,5.429482719265525,34.17857142857143
2018-11-20,6.1,0.1,4.680000000000001,53.0,8.8,11.96,5.452647206164962,39.172413793103445
2018-11-19,7.2,0.0,4.32,62.0,7.6,9.92,6.833313818401752,38.58620689655172
2018-11-18,6.4,0.0,4.32,59.0,2.0,6.01,5.935237336721585,25.928571428571427
2018-11-17,7.4,0.0,5.4,65.0,7.3,10.98,6.670317497123243,25.074074074074073
2018-11-16,9.0,1.0,4.32,78.0,1.6,5.88,8.853985902182131,33.464285714285715
2018-11-15,8.7,0.0,3.6,76.0,8.0,10.48,8.804990899347523,29.56
2018-11-14,8.5,0.4,3.9600000000000004,76.0,7.5,11.49,8.432463345812799,24.23076923076923
2018-11-13,8.8,0.4,4.680000000000001,74.0,6.3,10.77,8.50109386878458,24.0
2018-11-12,9.3,1.0,5.4,72.0,7.2,11.33,8.837855378504269,24.392857142857142
2018-11-11,9.5,1.1,3.6,81.0,2.8,5.76,9.691542154229122,38.03448275862069
2018-11-10,10.9,0.0,4.680000000000001,75.0,8.5,11.63,10.872107939710947,45.0
2018-11-09,12.4,0.4,10.44,70.0,5.1,8.26,11.43411166141827,29.857142857142858
2018-11-08,14.0,34.6,7.5600000000000005,93.0,0.0,1.19,13.778115269976253,16.84
2018-11-07,12.8,6.1,3.6,88.0,0.1,3.87,13.348566080615726,41.46153846153846
2018-11-06,11.8,0.2,3.6,79.0,6.7,10.33,12.240377012013724,48.06896551724138
2018-11-05,10.7,0.0,3.6,73.0,8.4,12.17,11.02136903655152,35.96551724137931
2018-11-04,10.2,0.0,3.9600000000000004,67.0,9.4,14.03,10.329098563382708,28.93103448275862
2018-11-03,9.7,0.0,3.6,67.0,9.2,13.89,9.913179967949524,29.689655172413794
2018-11-02,9.0,0.0,3.9600000000000004,67.0,9.6,14.43,8.990297233333362,28.296296296296298
2018-11-01,7.7,0.0,4.680000000000001,67.0,9.6,14.72,7.259134117346957,21.962962962962962
2018-10-31,7.8,0.0,5.760000000000001,66.0,9.0,14.27,7.014114734090917,18.071428571428573
2018-10-30,7.5,0.0,6.84,61.0,9.6,14.93,6.360507556726846,17.607142857142858
2018-10-29,9.8,0.3,7.2,70.0,7.0,10.12,8.946516991511313,17.22222222222222
2018-10-28,10.6,5.0,7.920000000000001,71.0,6.4,9.96,9.727694286500281,20.91304347826087
2018-10-27,10.6,0.3,11.520000000000001,57.0,7.7,12.04,9.111072598249358,23.448275862068964
2018-10-26,12.3,6.9,5.760000000000001,83.0,0.7,2.8,12.17201323791442,27.96551724137931
2018-10-25,12.3,0.0,3.9600000000000004,70.0,9.3,14.78,12.67200089096907,32.44827586206897
2018-10-24,12.2,0.0,4.680000000000001,71.0,9.5,15.14,12.339878555046319,35.107142857142854
2018-10-23,13.2,1.2,4.680000000000001,78.0,5.1,8.96,13.468932874535064,30.0
2018-10-22,12.8,0.0,3.24,72.0,5.8,11.46,13.47772748235332,29.178571428571427
2018-10-21,11.6,0.0,3.6,68.0,9.9,16.24,12.018739198293321,27.11111111111111
2018-10-20,11.5,0.0,3.9600000000000004,70.0,9.9,16.34,11.77946667093617,24.464285714285715
2018-10-19,12.1,0.0,6.12,70.0,9.9,16.65,11.857998787588485,17.318181818181817
2018-10-18,11.6,6.3,6.48,73.0,6.7,12.46,11.199223822707207,18.0
2018-10-17,12.4,1.5,4.680000000000001,73.0,8.1,14.82,12.565689418944068,26.26923076923077
2018-10-16,13.0,0.3,3.9600000000000004,78.0,3.5,9.29,13.452968333497855,38.06896551724138
2018-10-15,14.0,0.0,4.680000000000001,73.0,9.1,14.74,14.37217633012606,40.44827586206897
2018-10-14,13.1,0.0,4.32,72.0,9.1,16.02,13.456627870792989,22.77777777777778
2018-10-13,11.8,0.0,4.32,72.0,9.3,16.7,11.99725358806272,21.22222222222222
2018-10-12,10.4,0.0,4.680000000000001,67.0,10.4,18.06,10.307580779966575,18.76
2018-10-11,10.7,0.0,7.920000000000001,57.0,9.2,16.56,9.845057016410601,15.23076923076923
2018-10-10,13.9,1.6,9.360000000000001,64.0,6.4,12.97,13.379666728578165,18.14814814814815
2018-10-09,14.8,0.0,4.32,72.0,2.5,9.41,15.365040394363348,21.275862068965516
2018-10-08,14.5,0.0,5.4,62.0,9.7,16.2,14.770064317020765,19.666666666666668
2018-10-07,17.6,0.0,6.12,71.0,9.9,17.66,18.190225714633822,23.74074074074074
2018-10-06,18.8,81.2,14.04,87.0,1.5,4.98,18.828356170045375,22.5
2018-10-05,17.5,57.9,8.64,93.0,0.0,2.31,17.739216915820876,10.785714285714286
2018-10-04,18.1,0.4,7.2,70.0,7.7,15.78,18.618269915203022,19.703703703703702
2018-10-03,15.5,0.0,4.32,72.0,10.6,19.1,16.150857315833495,20.62962962962963
2018-10-02,15.5,0.0,5.04,71.0,10.2,18.01,15.985990394214678,20.5
2018-10-01,16.0,1.2,10.44,62.0,8.0,14.63,15.74899606568448,16.192307692307693
2018-09-30,18.5,0.7,9.360000000000001,63.0,8.9,17.52,18.847152728551926,18.44
2018-09-29,18.6,1.8,5.760000000000001,76.0,6.2,15.38,19.393071143267328,14.962962962962964
2018-09-28,16.9,0.0,5.4,75.0,3.5,10.27,17.508006904028377,14.944444444444445
2018-09-27,17.2,0.0,6.48,68.0,9.7,18.32,17.673840462895804,11.8
2018-09-26,17.8,0.5,7.5600000000000005,68.0,5.7,14.18,18.222340518769307,12.608695652173912
2018-09-25,16.5,0.3,5.760000000000001,68.0,10.4,20.47,16.98605184148302,14.416666666666666
2018-09-24,16.6,0.0,5.4,68.0,6.1,16.57,17.16576408065243,17.384615384615383
2018-09-23,18.9,0.2,5.4,72.0,7.2,14.63,19.789625726534716,27.346153846153847
2018-09-22,20.3,0.6,5.4,74.0,9.8,19.29,21.386758902289166,27.32
2018-09-21,19.3,26.4,5.4,93.0,0.3,4.51,20.24594949103599,10.842105263157896
2018-09-20,19.7,12.6,6.12,91.0,0.0,4.12,20.607985086778406,15.136363636363637
2018-09-19,20.6,2.4,3.6,78.0,2.2,10.45,21.99244081571132,28.76
2018-09-18,21.0,0.0,4.680000000000001,72.0,9.3,19.34,22.27555656654729,27.46153846153846
2018-09-17,21.9,0.1,4.680000000000001,76.0,8.3,18.33,23.29170545408716,25.72
2018-09-16,22.7,0.4,4.680000000000001,84.0,3.0,9.71,24.19494890967816,23.074074074074073
2018-09-15,22.0,2.3,3.9600000000000004,91.0,0.6,7.1,23.493978308867963,14.166666666666666
2018-09-14,21.6,11.0,6.12,88.0,0.6,7.39,22.79548166157589,14.434782608695652
2018-09-13,20.9,2.9,5.4,84.0,1.9,9.09,22.07124454904106,17.96
2018-09-12,21.0,0.1,6.12,72.0,7.4,18.61,22.10469326953458,16.26086956521739
2018-09-11,19.6,0.0,7.920000000000001,66.0,6.8,17.31,20.290339978429202,14.842105263157896
2018-09-10,20.6,0.1,7.2,66.0,9.9,19.88,21.53144850667643,15.090909090909092
2018-09-09,20.4,0.5,6.12,69.0,9.4,21.04,21.413904877493266,18.0
2018-09-08,19.5,0.0,5.04,70.0,7.3,19.93,20.526423802794955,18.62962962962963
2018-09-07,21.3,4.5,6.84,75.0,4.0,13.29,22.37992024713718,22.76
2018-09-06,22.6,1.1,5.4,77.0,2.7,11.77,24.01062054817146,24.0
2018-09-05,23.3,0.0,7.920000000000001,66.0,11.0,21.85,24.63276098511109,19.72
2018-09-04,23.7,26.6,7.920000000000001,76.0,9.1,20.62,25.102211904752373,14.958333333333334
2018-09-03,23.8,32.1,5.760000000000001,89.0,1.0,8.29,25.353309414352267,14.52
2018-09-02,22.4,1.4,6.84,77.0,5.9,17.39,23.65682995434379,13.652173913043478
2018-09-01,23.3,8.2,7.2,77.0,6.8,18.71,24.677681385467707,17.48
2018-08-31,23.7,31.7,5.760000000000001,87.0,3.9,12.52,25.238689447600628,16.0
2018-08-30,26.3,15.2,7.2,85.0,5.3,13.26,28.1734956952358,15.727272727272727
2018-08-29,26.1,16.9,7.2,83.0,5.5,13.97,27.940441407917923,16.15
2018-08-28,25.1,30.3,5.04,89.0,3.4,9.51,26.88303057480735,13.45
2018-08-27,23.5,45.5,5.04,94.0,0.6,5.47,25.06685721137524,14.055555555555555
2018-08-26,22.3,54.3,5.760000000000001,89.0,1.9,7.54,23.63400991307776,15.142857142857142
2018-08-25,24.5,1.1,5.4,80.0,2.7,12.45,26.178158429552486,20.25925925925926
2018-08-24,25.6,20.6,12.24,84.0,3.3,9.28,27.209599170597087,14.0625
2018-08-23,27.1,25.3,13.32,78.0,0.5,6.91,29.017073979452004,13.047619047619047
2018-08-22,28.9,0.0,8.28,67.0,9.7,21.59,31.205956955763725,20.48
2018-08-21,26.8,2.2,6.84,71.0,7.7,15.78,28.76446878317028,22.391304347826086
2018-08-20,26.4,0.0,7.5600000000000005,69.0,8.3,18.46,28.280323976564112,25.26923076923077
2018-08-19,25.2,0.0,5.04,67.0,9.8,22.21,26.996541410021855,19.4
2018-08-18,24.2,0.0,7.2,63.0,11.0,24.4,25.72642567839813,16.714285714285715
2018-08-17,25.1,0.0,11.16,58.0,10.2,23.27,26.633927343931646,14.19047619047619
2018-08-16,27.1,5.2,9.72,72.0,5.7,18.2,29.063561637068922,15.142857142857142
2018-08-15,29.4,3.5,6.48,71.0,9.4,21.18,31.779255286163817,21.90909090909091
2018-08-14,29.9,0.0,5.04,69.0,10.7,21.53,32.331550665103684,21.24
2018-08-13,29.7,0.9,5.760000000000001,74.0,9.9,21.59,32.11588745269863,21.666666666666668
2018-08-12,28.1,0.5,6.12,76.0,7.0,18.98,30.279022575356738,19.0
2018-08-11,27.7,0.9,6.48,76.0,6.9,17.6,29.81374666324942,14.904761904761905
2018-08-10,27.7,8.2,5.4,82.0,5.7,18.59,29.828748545562632,17.77777777777778
2018-08-09,28.5,3.0,5.4,78.0,6.8,17.97,30.74139607456517,19.0
2018-08-08,28.8,1.6,5.4,75.0,8.6,21.32,31.08363889794112,19.0
2018-08-07,28.6,1.2,5.760000000000001,76.0,6.8,18.61,30.85506781843067,17.1
2018-08-06,29.1,12.1,5.760000000000001,76.0,6.7,18.02,31.428167652188833,21.318181818181817
2018-08-05,30.0,1.6,7.2,70.0,10.0,20.88,32.48500001061643,20.0
2018-08-04,30.3,0.0,6.84,70.0,11.1,22.93,32.82736330610044,24.0
2018-08-03,30.1,0.1,6.84,68.0,11.4,24.24,32.59519790479014,24.5
2018-08-02,30.2,0.0,6.12,67.0,11.4,23.76,32.69678194750132,23.192307692307693
2018-08-01,30.0,0.0,6.12,66.0,12.5,26.19,32.46651915015421,21.8
2018-07-31,29.2,0.0,6.48,67.0,11.7,24.38,31.548018977585656,16.434782608695652
2018-07-30,29.0,0.2,7.920000000000001,68.0,9.1,20.54,31.322436589999405,14.047619047619047
2018-07-29,29.4,0.1,9.0,67.0,10.3,23.49,31.800148695705175,18.96
2018-07-28,28.9,3.6,5.760000000000001,78.0,7.5,18.9,31.198927718685567,27.5
2018-07-27,30.0,0.1,5.4,75.0,10.6,24.02,32.45261019144493,30.62962962962963
2018-07-26,29.9,0.0,5.4,72.0,10.9,22.92,32.33852925031961,28.48
2018-07-25,29.7,0.0,6.48,73.0,10.2,21.65,32.126109749031066,24.48
2018-07-24,29.7,0.0,5.760000000000001,72.0,11.6,23.04,32.11588745269863,25.72
2018-07-23,29.6,0.0,5.760000000000001,69.0,10.1,23.29,32.001267485947004,22.52
2018-07-22,29.6,0.0,6.12,68.0,9.5,22.98,32.005993555460016,26.4
2018-07-21,29.3,0.0,5.04,70.0,11.6,24.45,31.65048565381665,32.74074074074074
2018-07-20,28.7,0.0,4.680000000000001,72.0,12.3,26.7,30.96927482661064,32.642857142857146
2018-07-19,28.1,0.0,5.04,73.0,12.0,27.09,30.28835563124256,31.166666666666668
2018-07-18,27.8,0.0,5.04,74.0,11.7,25.95,29.947823125599037,31.56
2018-07-17,28.1,0.0,5.760000000000001,72.0,12.1,26.62,30.281967984672498,30.44
2018-07-16,28.2,0.0,5.04,72.0,12.2,26.9,30.40186646645707,26.115384615384617
2018-07-15,28.2,0.0,5.4,74.0,12.4,27.49,30.399153251189226,20.607142857142858
2018-07-14,27.9,0.0,5.760000000000001,75.0,11.5,26.0,30.052728051169233,19.642857142857142
2018-07-13,27.8,0.0,5.760000000000001,77.0,9.9,22.81,29.9381080844176,17.625
2018-07-12,27.4,0.0,5.760000000000001,80.0,8.4,20.51,29.47962821741106,20.458333333333332
2018-07-11,26.1,3.1,5.04,83.0,4.2,15.5,28.018138926952417,24.115384615384617
2018-07-10,24.0,2.4,5.760000000000001,85.0,3.1,13.71,25.58254934785553,20.214285714285715
2018-07-09,20.2,12.3,6.12,91.0,0.1,5.18,21.183642080146164,9.904761904761905
2018-07-08,20.9,0.0,7.920000000000001,72.0,3.9,18.19,21.816055467263375,14.136363636363637
2018-07-07,21.3,0.2,9.72,70.0,7.9,22.72,22.149853862030746,13.5
2018-07-06,21.8,5.0,9.360000000000001,81.0,1.1,9.78,22.769479641576588,10.071428571428571
2018-07-05,23.6,11.1,5.4,88.0,1.7,11.81,25.151429959424632,15.26086956521739
2018-07-04,25.6,10.1,7.2,81.0,7.7,21.69,27.35780568962324,17.85
2018-07-03,24.8,12.2,8.64,84.0,4.2,16.28,26.36320091537005,15.222222222222221
2018-07-02,23.5,44.3,5.760000000000001,92.0,1.6,9.39,25.009449514097362,13.285714285714286
2018-07-01,22.7,67.4,7.2,92.0,0.9,6.85,23.97851852351409,14.733333333333333
2018-06-30,23.2,12.4,5.4,87.0,1.2,9.59,24.695106194923362,22.652173913043477
2018-06-29,24.2,2.6,5.4,83.0,6.9,19.54,25.835915606176535,21.6
2018-06-28,23.0,39.1,5.760000000000001,88.0,0.8,7.31,24.436349680339195,15.8125
2018-06-27,24.4,31.4,8.64,84.0,4.2,14.62,25.8906538469016,17.333333333333332
2018-06-26,23.4,29.4,9.0,87.0,0.1,3.57,24.689930140906824,28.68
2018-06-25,25.4,0.0,5.04,62.0,8.6,21.42,27.223563080450873,39.57142857142857
2018-06-24,25.5,0.0,6.84,62.0,11.7,26.81,27.255393674653362,37.51724137931034
2018-06-23,24.0,0.0,6.84,58.0,7.8,22.09,25.514153164826155,29.482758620689655
2018-06-22,23.8,0.0,5.4,55.0,10.1,25.69,25.379591841675268,26.37037037037037
2018-06-21,23.1,0.0,7.2,62.0,11.9,28.29,24.444627098149834,29.178571428571427
2018-06-20,22.5,0.0,6.48,72.0,10.3,24.57,23.801602640217155,27.48148148148148
2018-06-19,21.3,3.2,4.32,80.0,1.2,11.92,22.661911808014715,28.846153846153847
2018-06-18,23.3,0.0,5.04,68.0,10.4,25.2,24.839835540946225,28.037037037037038
2018-06-17,20.8,0.0,4.680000000000001,73.0,5.9,18.51,22.049745702649542,25.24137931034483
2018-06-16,19.7,0.0,7.5600000000000005,66.0,10.1,26.49,20.444453143165838,18.46153846153846
2018-06-15,19.9,0.6,9.360000000000001,65.0,8.2,22.62,20.511170206804813,19.125
2018-06-14,20.5,1.6,8.64,72.0,5.5,17.93,21.283319929334233,21.28
2018-06-13,20.4,0.0,6.48,73.0,6.0,18.98,21.373621400146433,21.807692307692307
2018-06-12,19.5,0.9,5.760000000000001,74.0,7.3,20.81,20.424650844032023,15.8
2018-06-11,18.5,7.0,6.48,79.0,1.7,10.95,19.176876468653873,13.857142857142858
2018-06-10,19.7,1.2,8.64,72.0,1.5,13.48,20.33822579239734,15.947368421052632
2018-06-09,21.2,1.1,9.0,71.0,6.5,19.41,22.08285000414743,33.0
2018-06-08,22.4,0.0,6.48,71.0,8.8,20.87,23.685984485928074,35.25
2018-06-07,23.2,0.0,5.760000000000001,71.0,10.6,25.61,24.665589613842464,38.724137931034484
2018-06-06,22.4,0.0,5.4,72.0,10.5,25.19,23.78245866592082,35.62068965517241
2018-06-05,21.6,1.4,5.04,71.0,6.5,20.04,22.910151342299606,33.827586206896555
2018-06-04,22.3,0.0,5.4,61.0,8.1,22.12,23.668377724795505,33.55172413793103
2018-06-03,22.6,0.0,5.4,56.0,11.8,26.72,24.01062054817146,30.11111111111111
2018-06-02,23.1,0.0,5.760000000000001,56.0,12.8,28.68,24.55096964709083,31.0
2018-06-01,22.1,0.0,5.760000000000001,61.0,13.0,28.73,23.404769979574496,31.20689655172414
2018-05-31,19.7,0.0,6.48,66.0,10.8,26.4,20.564294320122855,29.0
2018-05-30,20.7,2.2,6.12,78.0,6.2,18.29,21.759299073513922,30.555555555555557
2018-05-29,21.4,1.5,5.04,77.0,5.7,19.11,22.68312967187059,33.96296296296296
2018-05-28,20.4,0.6,5.4,72.0,8.0,24.38,21.50083984341448,40.48275862068966
2018-05-27,19.5,0.0,4.32,69.0,3.0,15.37,20.64123972423433,49.89655172413793
2018-05-26,20.0,0.0,5.4,62.0,12.6,28.42,21.04451607891321,52.275862068965516
2018-05-25,19.8,0.0,5.760000000000001,53.0,9.9,25.0,20.768510744286925,70.96551724137932
2018-05-24,18.9,0.0,7.2,55.0,12.4,28.1,19.55048706447451,78.20689655172414
2018-05-23,18.1,13.5,8.28,67.0,11.2,28.78,18.488220591425815,34.08
2018-05-22,17.5,6.6,5.04,78.0,5.5,16.05,18.256207098504817,22.517241379310345
2018-05-21,16.2,0.0,7.5600000000000005,68.0,7.8,21.5,16.35108778243539,17.96153846153846
2018-05-20,15.7,0.0,10.8,55.0,7.0,18.33,15.348694542924527,13.85
2018-05-19,15.7,0.1,9.72,66.0,9.2,24.04,15.474549803373192,14.952380952380953
2018-05-18,17.5,9.5,8.28,90.0,0.5,5.07,17.781679682295927,15.105263157894736
2018-05-17,22.8,17.3,9.0,87.0,2.1,8.6,23.97890828542699,15.875
2018-05-16,22.9,5.9,8.64,88.0,0.5,4.03,24.118602340144925,25.166666666666668
2018-05-15,22.5,0.0,5.4,66.0,8.2,21.45,23.896539607046137,50.03448275862069
2018-05-14,19.3,0.0,5.4,71.0,10.1,23.92,20.24594949103599,41.206896551724135
2018-05-13,17.3,3.3,6.84,81.0,6.5,18.72,17.73661222093128,18.51851851851852
2018-05-12,16.0,16.7,6.84,84.0,0.1,3.15,16.227537112414367,23.041666666666668
2018-05-11,16.9,0.0,6.12,60.0,9.0,22.71,17.38430592391896,33.10344827586207
2018-05-10,15.2,0.0,6.12,70.0,11.1,25.96,15.427072146468586,28.482758620689655
2018-05-09,13.6,0.0,7.920000000000001,68.0,7.6,22.2,13.248576183809924,19.916666666666668
2018-05-08,15.1,0.5,10.44,71.0,4.4,16.53,14.670274964617926,19.46153846153846
2018-05-07,16.4,12.0,5.4,85.0,3.1,12.79,16.93760219840179,22.62962962962963
2018-05-06,15.9,19.5,6.48,92.0,0.5,4.54,16.17080445713774,15.73076923076923
2018-05-05,18.1,0.0,9.72,48.0,10.0,22.63,18.335394399940718,33.0
2018-05-04,14.5,0.0,12.6,45.0,12.2,27.88,13.701245658660088,34.77777777777778
2018-05-03,12.0,0.9,13.32,60.0,8.6,18.34,10.572160762001444,34.130434782608695
2018-05-02,14.9,12.9,8.28,88.0,0.3,4.79,14.720002409399763,23.363636363636363
2018-05-01,18.6,0.5,5.4,78.0,4.4,15.14,19.447382903158775,40.689655172413794
2018-04-30,18.8,0.0,6.84,67.0,8.3,21.08,19.477852730758492,46.48275862068966
2018-04-29,16.5,0.0,7.2,55.0,10.9,25.49,16.75383561666004,42.51724137931034
2018-04-28,15.9,0.0,6.48,59.0,11.5,26.28,16.17080445713774,42.892857142857146
2018-04-27,14.9,0.0,7.2,59.0,11.0,23.06,14.889401318117061,36.81481481481482
2018-04-26,14.6,0.0,5.760000000000001,59.0,10.3,22.08,14.808272473201988,34.17857142857143
2018-04-25,13.0,0.1,5.760000000000001,57.0,11.4,25.37,12.974353005175853,26.384615384615383
2018-04-24,11.6,10.5,9.360000000000001,83.0,0.1,6.91,10.645923728591278,11.666666666666666
2018-04-23,11.2,45.9,11.520000000000001,92.0,0.0,2.29,9.835716712169422,13.142857142857142
2018-04-22,15.7,4.7,8.64,71.0,1.6,8.96,15.612755107712863,34.214285714285715
2018-04-21,18.8,0.0,6.48,51.0,11.7,25.51,19.523730931521122,50.06896551724138
2018-04-20,17.7,0.0,5.04,52.0,11.5,23.61,18.48322876893383,67.3103448275862
2018-04-19,15.1,0.0,6.84,45.0,11.5,23.91,15.182792806518039,49.51724137931034
2018-04-18,13.2,0.0,6.12,54.0,11.8,25.02,13.124444172997553,61.7037037037037
2018-04-17,12.6,0.0,5.760000000000001,61.0,10.2,21.94,12.51587313816932,54.67857142857143
2018-04-16,10.9,0.0,6.12,61.0,10.8,23.34,10.476422003505869,39.10344827586207
2018-04-15,10.5,0.0,10.44,63.0,9.3,19.62,9.156811559166659,89.51724137931035
2018-04-14,9.5,22.9,8.64,85.0,0.1,2.67,8.28827554645192,19.083333333333332
2018-04-13,12.8,0.0,8.64,41.0,3.3,12.94,12.18678886131662,33.13793103448276
2018-04-12,13.2,0.0,7.920000000000001,40.0,9.8,21.82,12.779125264168634,35.03448275862069
2018-04-11,15.5,2.3,12.24,52.0,10.7,23.78,14.95371020579848,47.035714285714285
2018-04-10,15.1,1.7,12.6,60.0,8.3,18.8,14.430969389088368,37.964285714285715
2018-04-09,10.7,0.0,6.48,58.0,10.3,21.54,10.158660434105467,41.964285714285715
2018-04-08,7.2,0.8,10.8,56.0,8.1,16.68,5.134093873003805,32.62068965517241
2018-04-07,5.0,0.3,16.2,46.0,8.5,19.05,1.569579822197623,43.93103448275862
2018-04-06,7.9,16.9,12.6,69.0,5.8,14.83,5.674284623948985,85.73076923076923
2018-04-05,8.5,12.6,8.28,89.0,0.0,3.16,7.183566045347662,12.875
2018-04-04,11.5,14.9,8.64,85.0,1.4,6.78,10.651010888794161,19.41176470588235
2018-04-03,18.0,0.1,7.2,71.0,7.1,15.3,18.501742771544087,44.96153846153846
2018-04-02,17.8,0.0,7.2,69.0,8.9,18.43,18.268688484226214,54.32142857142857
2018-04-01,15.8,0.0,6.12,66.0,3.3,9.84,16.1178605385099,57.25
2018-03-31,14.0,0.0,6.12,57.0,9.5,18.97,14.045495362385966,45.03448275862069
2018-03-30,12.7,0.0,7.2,60.0,9.6,19.42,12.325804157620464,37.41379310344828
2018-03-29,14.5,0.0,6.12,67.0,6.5,14.56,14.621152355753726,36.55172413793103
2018-03-28,15.0,0.0,7.920000000000001,60.0,9.0,18.36,14.891654402554423,40.464285714285715
2018-03-27,13.7,0.0,6.84,59.0,10.0,18.73,13.557634997345975,56.22222222222222
2018-03-26,12.0,0.0,6.48,59.0,9.8,19.35,11.661696439863537,46.148148148148145
2018-03-25,10.8,0.0,6.84,61.0,9.7,19.36,10.191236678346709,53.5
2018-03-24,9.1,0.0,7.2,59.0,8.5,16.33,8.130826985898757,62.44827586206897
2018-03-23,6.2,0.0,6.12,63.0,10.2,19.75,5.065246265848945,39.62068965517241
2018-03-22,5.0,0.0,7.920000000000001,65.0,10.2,18.3,3.1553814115222885,23.807692307692307
2018-03-21,1.8,8.6,10.8,83.0,0.1,4.11,-1.3551818467105357,12.631578947368421
2018-03-20,5.3,0.6,16.56,54.0,2.8,10.39,1.8907790197711658,16.22222222222222
2018-03-19,8.5,19.9,10.44,85.0,0.0,2.84,6.75965355679654,20.166666666666668
2018-03-18,8.0,6.0,4.32,75.0,1.4,7.18,7.7313903000819195,29.03448275862069
2018-03-17,5.4,0.0,5.760000000000001,64.0,9.6,18.57,4.263235532051713,22.25
2018-03-16,5.2,0.7,11.16,69.0,4.6,11.51,2.6590090649818707,19.45
2018-03-15,12.8,23.9,6.84,91.0,0.4,2.28,12.512890691449655,18.884615384615383
2018-03-14,15.2,0.0,7.2,66.0,8.7,16.1,15.238982749093871,22.76
2018-03-13,12.3,0.0,8.28,62.0,8.6,15.48,11.6583251365036,33.82142857142857
2018-03-12,7.9,0.0,5.4,63.0,9.4,16.1,7.240722202749828,61.241379310344826
2018-03-11,6.4,0.0,6.12,62.0,9.7,17.36,5.29550906319605,44.785714285714285
2018-03-10,4.8,0.0,6.12,68.0,9.4,16.54,3.453406684419226,31.428571428571427
2018-03-09,3.5,0.1,5.760000000000001,75.0,4.1,10.38,2.0854561637706786,33.714285714285715
2018-03-08,3.3,16.7,8.64,87.0,1.3,6.03,0.9637959851909825,21.904761904761905
2018-03-07,5.1,5.1,8.28,71.0,1.8,8.12,3.1798342269449855,23.857142857142858
2018-03-06,4.7,0.0,6.48,65.0,9.4,17.29,3.221571176760542,22.923076923076923
2018-03-05,5.7,12.1,11.520000000000001,81.0,2.0,7.25,3.193145667902184,16.75
2018-03-04,11.8,16.0,7.2,79.0,2.5,8.27,11.27705986469004,22.22222222222222
2018-03-03,7.6,0.0,5.4,54.0,8.7,15.66,6.8984793793738755,35.62068965517241
2018-03-02,1.3,0.0,6.48,47.0,10.4,17.75,-0.7094460690682483,41.86206896551724
2018-03-01,2.8,0.9,16.56,58.0,8.8,15.76,-1.216190549001926,33.592592592592595
2018-02-28,5.6,29.2,10.44,80.0,0.0,1.6,3.283774453359873,39.1764705882353
2018-02-27,5.1,0.0,4.32,57.0,5.6,9.2,4.4758630539913105,50.629629629629626
2018-02-26,3.1,0.0,4.680000000000001,51.0,10.2,16.49,2.0654842476987225,36.07142857142857
2018-02-25,3.8,0.0,5.760000000000001,57.0,6.2,12.77,2.4293160640255795,34.06896551724138
2018-02-24,4.6,0.1,6.48,60.0,6.3,12.22,3.1059530224714607,53.13793103448276
2018-02-23,4.4,1.0,7.5600000000000005,65.0,6.1,10.6,2.5505988519727496,59.0
2018-02-22,0.6,0.1,6.48,47.0,9.1,13.6,-1.5187731490918233,36.392857142857146
2018-02-21,0.5,0.0,7.920000000000001,33.0,6.7,12.19,-2.12594143444217,27.703703703703702
2018-02-20,2.7,0.0,6.48,46.0,7.5,12.13,0.909208090978902,47.827586206896555
2018-02-19,2.8,0.0,4.680000000000001,46.0,5.3,10.39,1.726767951852098,44.827586206896555
2018-02-18,0.8,0.0,5.04,34.0,5.1,9.6,-0.7001023823178529,28.379310344827587
2018-02-17,-0.2,0.0,10.44,31.0,9.6,15.28,-3.6679837535134667,32.0
2018-02-16,1.0,0.0,7.2,43.0,7.7,12.03,-1.3078716504750778,30.517241379310345
2018-02-15,1.9,0.0,7.2,43.0,8.0,12.32,-0.2591273575446513,36.241379310344826
2018-02-14,4.7,0.0,10.08,60.0,6.0,9.1,2.28251941919231,52.42857142857143
2018-02-13,-0.7,0.1,9.0,54.0,9.7,14.19,-3.8694477208665505,38.07142857142857
2018-02-12,-4.1,0.4,11.16,57.0,7.8,11.43,-8.545349728698177,36.10344827586207
2018-02-11,-3.6,0.7,11.520000000000001,52.0,7.2,10.87,-8.038838097858779,40.172413793103445
2018-02-10,1.5,0.0,10.44,49.0,4.8,9.06,-1.6303994514988678,54.0
2018-02-09,1.4,0.0,4.680000000000001,53.0,4.9,9.0,0.1460919045678536,42.25
2018-02-08,-3.6,0.0,4.680000000000001,46.0,9.3,12.47,-5.49917969287588,36.67857142857143
2018-02-07,-6.7,0.0,6.84,47.0,9.7,13.55,-10.123235936304075,24.285714285714285
2018-02-06,-8.0,0.1,10.08,47.0,9.0,12.56,-12.898400255206246,22.678571428571427
2018-02-05,-7.4,0.1,10.8,46.0,8.9,12.5,-12.41098492474238,20.615384615384617
2018-02-04,-7.1,0.2,12.24,46.0,8.6,12.12,-12.470358170879596,22.142857142857142
2018-02-03,-4.5,0.3,12.6,50.0,8.5,12.03,-9.406672471568845,28.392857142857142
2018-02-02,-2.4,0.0,6.12,48.0,7.4,10.39,-4.836054020076488,31.392857142857142
2018-02-01,-2.1,0.0,5.760000000000001,46.0,9.5,12.71,-4.333261974320791,29.5
2018-01-31,-1.0,0.0,5.4,54.0,3.5,7.0,-2.9124815574034035,31.535714285714285
2018-01-30,-4.6,0.1,6.84,55.0,7.7,10.7,-7.68549922254598,32.57142857142857
2018-01-29,-5.9,0.1,10.44,45.0,8.7,11.6,-10.4998840602683,33.7037037037037
2018-01-28,-2.7,0.0,9.72,39.0,7.2,10.32,-6.458592103644474,24.115384615384617
2018-01-27,-7.0,0.0,5.760000000000001,44.0,9.3,11.95,-9.94964034515083,27.11111111111111
2018-01-26,-10.4,0.0,11.520000000000001,44.0,9.1,12.06,-16.25147138895282,21.11111111111111
2018-01-25,-9.9,0.0,11.520000000000001,41.0,8.2,11.13,-15.647601294019434,18.153846153846153
2018-01-24,-10.4,0.0,12.6,38.0,9.0,11.5,-16.582289154113617,21.62962962962963
2018-01-23,-6.4,0.0,14.4,46.0,8.4,11.08,-12.16793073907188,20.615384615384617
2018-01-22,2.9,1.2,6.84,63.0,2.4,5.47,1.020703326590069,41.629629629629626
2018-01-21,1.2,0.0,3.9600000000000004,60.0,7.2,8.82,0.2880885880126013,58.74074074074074
2018-01-20,1.2,0.0,5.04,64.0,6.6,8.07,-0.2460590414598235,73.22222222222223
2018-01-19,1.3,0.0,5.4,55.0,8.3,9.76,-0.28861991152110833,46.65384615384615
2018-01-18,3.7,0.0,6.48,70.0,3.1,6.52,2.065389633869722,68.85185185185185
2018-01-17,4.3,5.0,5.04,87.0,2.2,4.57,3.272776850189892,37.2962962962963
2018-01-16,3.8,7.0,3.9600000000000004,80.0,0.8,3.26,3.1888248031195214,48.65384615384615
2018-01-15,4.4,0.0,5.4,70.0,7.9,8.64,3.2478892633637257,42.22222222222222
2018-01-14,-0.3,0.0,4.680000000000001,71.0,6.8,8.67,-1.7733004385630173,38.77777777777778
2018-01-13,-3.1,0.1,4.680000000000001,69.0,6.2,7.59,-4.934652533131508,31.03846153846154
2018-01-12,-8.5,0.0,7.920000000000001,54.0,8.8,9.59,-12.68858712637109,18.444444444444443
2018-01-11,-8.2,0.8,9.72,59.0,7.7,8.1,-13.01469430411171,21.48148148148148
2018-01-10,-4.5,2.2,10.8,63.0,6.4,7.52,-8.926003519710601,21.88888888888889
2018-01-09,-1.3,1.4,13.32,65.0,6.4,7.35,-5.6740210785344765,30.37037037037037
2018-01-08,2.3,2.4,7.2,76.0,0.4,2.81,0.20698121709109496,28.25925925925926
2018-01-07,-0.3,0.5,3.6,60.0,2.3,4.6,-1.1687107180704737,32.65384615384615
2018-01-06,-0.7,0.0,7.2,54.0,8.8,9.83,-3.2888330926769935,28.25925925925926
2018-01-05,-0.1,0.0,7.2,54.0,6.7,7.9,-2.5896702307233768,29.642857142857142
2018-01-04,-1.7,0.0,5.760000000000001,51.0,5.0,6.98,-3.8747821073142585,26.423076923076923
2018-01-03,-1.6,0.0,8.64,46.0,8.6,9.35,-4.824905603547503,23.185185185185187
2018-01-02,0.2,0.0,6.48,57.0,6.6,6.89,-1.9812457662481513,40.03703703703704
2018-01-01,-0.4,0.0,6.84,51.0,8.7,9.31,-2.8100257950297927,32.96296296296296
